sku,design_family,design_name,status,matched_tags,approved_tags
"AFGFFA0019","AFFA0019","Harvest Blessings",updated,"Wine-Drinks","Apples | Blessings | Fall | Fall-Leaves | Seasons-Greetings | Wine-Drinks"
"AFHFFA0019","AFFA0019","Harvest Blessings",updated,"Wine-Drinks","Apples | Blessings | Fall | Fall-Leaves | Seasons-Greetings | Wine-Drinks"
"AFGFFA0025","AFFA0025","Fall Night Harvest",updated,"Wine-Drinks","Apples | Candles | Fall | Fall-Leaves | Fall-Pumpkins | Flowers | Trees | Wine-Drinks"
"AFHFFA0025","AFFA0025","Fall Night Harvest",updated,"Wine-Drinks","Apples | Candles | Fall | Fall-Leaves | Fall-Pumpkins | Flowers | Trees | Wine-Drinks"
"AFGFFA0039","AFFA0039","Mother Earth's Many Blessings",updated,"Wine-Drinks","Apples | Blessings | Flowers | Fruits | Grapes | Sunflowers | Thanksgiving | Thanksgiving-Pumpkins | Wine-Drinks"
"AFHFFA0039","AFFA0039","Mother Earth's Many Blessings",updated,"Wine-Drinks","Apples | Blessings | Flowers | Fruits | Grapes | Sunflowers | Thanksgiving | Thanksgiving-Pumpkins | Wine-Drinks"
"AFGFFA0193","AFFA0193","Always Thankful-Basket Weave",updated,"Wine-Drinks","Apples | Cornucopia | Give-Thanks | Thanksgiving | Thanksgiving-Pumpkins | Wine-Drinks"
"AFHFFA0193","AFFA0193","Always Thankful-Basket Weave",updated,"Wine-Drinks","Apples | Cornucopia | Give-Thanks | Thanksgiving | Thanksgiving-Pumpkins | Wine-Drinks"
"AFGFFA0234","AFFA0234","Wicker Basket Of Apples",updated,"Wine-Drinks","Apples | Fall | Fall-Leaves | Wine-Drinks"
"AFHFFA0234","AFFA0234","Wicker Basket Of Apples",updated,"Wine-Drinks","Apples | Fall | Fall-Leaves | Wine-Drinks"
"AFGFFA0250","AFFA0250","Fall Bountiful Basket",updated,"Wine-Drinks","Apples | Fall | Fall-Leaves | Wine-Drinks"
"AFHFFA0250","AFFA0250","Fall Bountiful Basket",updated,"Wine-Drinks","Apples | Fall | Fall-Leaves | Wine-Drinks"
"AFGFFA0320","AFFA0320","Hello September Colors",updated,"Wine-Drinks","Apples | Fall | Fall-Leaves | Wine-Drinks"
"AFHFFA0320","AFFA0320","Hello September Colors",updated,"Wine-Drinks","Apples | Fall | Fall-Leaves | Wine-Drinks"
"afgfsp-b-0003","afgfsp-b-0003","America Forever St Patrick's Truck Gnomes Burlap Garden Flag",updated,"Party-Time","Balloons | Country-Living | Garden-Gnomes | Gardens | Happy-St-Patricks | Party-Time | Seasonal | Shamrock-Clovers | St-Patricks-Day | Truck"
"afgfwr-b-0005","afgfwr-b-0005","Happy New Year Sunflower Champagne Celebration Burlap Garden Flag",updated,"Wine-Drinks","Flowers | Food-Wine | Happy-New-Year | New-Year | Seasonal | Summer-Fall-Flowers | Sunflowers | Wine-Drinks"
"AFGFMS0213","AFMS0213","Happy Birthday Surprise",updated,"Party-Time","Balloons | Birthday | Family-Friends | Party-Time"
"AFHFMS0213","AFMS0213","Happy Birthday Surprise",updated,"Party-Time","Balloons | Birthday | Family-Friends | Party-Time"
"AFGFMS0297","AFMS0297","Do Everything In Love",updated,"Party-Time","Balloons | Bible-Scriptures | Hearts | Party-Time | Religious | Seasonal | Valentines-Day"
"AFHFMS0297","AFMS0297","Do Everything In Love",updated,"Party-Time","Balloons | Bible-Scriptures | Hearts | Party-Time | Religious | Seasonal | Valentines-Day"
"AFGFMS0348","AFMS0348","Happy Hour!",updated,"Beer | Party-Time","Beer | Party-Time"
"AFHFMS0348","AFMS0348","Happy Hour!",updated,"Beer | Party-Time","Beer | Party-Time"
"AFGFMS0349","AFMS0349","Every Day Is Wine Day!",updated,"Party-Time | Wine-Drinks","Grapes | Party-Time | Summer | Wine-Drinks"
"AFHFMS0349","AFMS0349","Every Day Is Wine Day!",updated,"Party-Time | Wine-Drinks","Grapes | Party-Time | Summer | Wine-Drinks"
"AFGFMS0350","AFMS0350","Sour Life-Sweeten With Pina Coladas",updated,"Margaritas | Party-Time","Country-Living | Food-Wine | Humor | Margaritas | Party-Time | Pineapples"
"AFHFMS0350","AFMS0350","Sour Life-Sweeten With Pina Coladas",updated,"Margaritas | Party-Time","Country-Living | Food-Wine | Humor | Margaritas | Party-Time | Pineapples"
"AFGFMS0351","AFMS0351","Make Mine A Margarita!",updated,"Margaritas | Party-Time","Margaritas | Party-Time | Strawberries"
"AFHFMS0351","AFMS0351","Make Mine A Margarita!",updated,"Margaritas | Party-Time","Margaritas | Party-Time | Strawberries"
"AFGFMS0352","AFMS0352","Cheers!",updated,"Beer | Party-Time | Wine-Drinks","Beer | Party-Time | Summer | Wine-Drinks"
"AFHFMS0352","AFMS0352","Cheers!",updated,"Beer | Party-Time | Wine-Drinks","Beer | Party-Time | Summer | Wine-Drinks"
"AFGFMS0353","AFMS0353","Cold Brew Time",updated,"Beer | Party-Time | Wine-Drinks","Beer | Party-Time | Summer | Wine-Drinks"
"AFHFMS0353","AFMS0353","Cold Brew Time",updated,"Beer | Party-Time | Wine-Drinks","Beer | Party-Time | Summer | Wine-Drinks"
"AFGFMS0354","AFMS0354","Great Friends Bring Beer",updated,"Beer | Party-Time","Beer | Family-Friends | Friends | Party-Time"
"AFHFMS0354","AFMS0354","Great Friends Bring Beer",updated,"Beer | Party-Time","Beer | Family-Friends | Friends | Party-Time"
"AFGFMS0355","AFMS0355","Every Day Is Beer Day",updated,"Beer | Party-Time","Beer | Party-Time"
"AFHFMS0355","AFMS0355","Every Day Is Beer Day",updated,"Beer | Party-Time","Beer | Party-Time"
"AFGFMS0356","AFMS0356","Today Is Beer Day!",updated,"Beer | Party-Time","Beer | Party-Time | Patterns | Stripes"
"AFHFMS0356","AFMS0356","Today Is Beer Day!",updated,"Beer | Party-Time","Beer | Party-Time | Patterns | Stripes"
"AFGFMS0357","AFMS0357","Don't Worry Beer Happy",updated,"Beer | Party-Time","Beer | Party-Time"
"AFHFMS0357","AFMS0357","Don't Worry Beer Happy",updated,"Beer | Party-Time","Beer | Party-Time"
"AFGFMS0358","AFMS0358","Save Water Drink Beer",updated,"Beer | Party-Time","Beer | Party-Time | Sweets"
"AFHFMS0358","AFMS0358","Save Water Drink Beer",updated,"Beer | Party-Time","Beer | Party-Time | Sweets"
"AFGFMS0359","AFMS0359","Beer Cheers!",updated,"Beer | Party-Time | Wine-Drinks","Beer | Party-Time | Summer | Wine-Drinks"
"AFHFMS0359","AFMS0359","Beer Cheers!",updated,"Beer | Party-Time | Wine-Drinks","Beer | Party-Time | Summer | Wine-Drinks"
"AFGFMS0360","AFMS0360","Wine Welcome",updated,"Party-Time | Wine-Drinks","Grapes | Love-Happiness | Party-Time | Summer | Welcome-Flags | Wine-Drinks"
"AFHFMS0360","AFMS0360","Wine Welcome",updated,"Party-Time | Wine-Drinks","Grapes | Love-Happiness | Party-Time | Summer | Welcome-Flags | Wine-Drinks"
"AFGFMS0361","AFMS0361","Sip, Sip, Hooray!",updated,"Beer | Party-Time","Beer | Party-Time"
"AFHFMS0361","AFMS0361","Sip, Sip, Hooray!",updated,"Beer | Party-Time","Beer | Party-Time"
"AFGFMS0362","AFMS0362","Great Minds Drink Alike",updated,"Beer | Party-Time","Beer | Family-Friends | Friends | Party-Time"
"AFHFMS0362","AFMS0362","Great Minds Drink Alike",updated,"Beer | Party-Time","Beer | Family-Friends | Friends | Party-Time"
"AFGFMS0363","AFMS0363","Relax With Wine",updated,"Party-Time | Wine-Drinks","Grapes | Party-Time | Summer | Wine-Drinks"
"AFHFMS0363","AFMS0363","Relax With Wine",updated,"Party-Time | Wine-Drinks","Grapes | Party-Time | Summer | Wine-Drinks"
"AFGFMS0364","AFMS0364","Wine And Friends!",updated,"Party-Time | Wine-Drinks","Family-Friends | Party-Time | Summer | Wine-Drinks"
"AFHFMS0364","AFMS0364","Wine And Friends!",updated,"Party-Time | Wine-Drinks","Family-Friends | Party-Time | Summer | Wine-Drinks"
"AFGFMS0365","AFMS0365","Always Time For Wine",updated,"Wine-Drinks","Food-Wine | Wine-Drinks"
"AFHFMS0365","AFMS0365","Always Time For Wine",updated,"Wine-Drinks","Food-Wine | Wine-Drinks"
"AFGFMS0366","AFMS0366","Wish You Were Beer",updated,"Beer | Party-Time","Beer | Party-Time"
"AFHFMS0366","AFMS0366","Wish You Were Beer",updated,"Beer | Party-Time","Beer | Party-Time"
"AFGFMS0367","AFMS0367","Happy Beer Day",updated,"Beer | Party-Time","Beer | Flowers | Party-Time | Summer-Fall-Flowers | Sunflowers"
"AFHFMS0367","AFMS0367","Happy Beer Day",updated,"Beer | Party-Time","Beer | Flowers | Party-Time | Summer-Fall-Flowers | Sunflowers"
"AFGFMS0368","AFMS0368","Drinking Wine And Feeling Fine",updated,"Wine-Drinks","Food-Wine | Wine-Drinks"
"AFHFMS0368","AFMS0368","Drinking Wine And Feeling Fine",updated,"Wine-Drinks","Food-Wine | Wine-Drinks"
"AFGFMS0369","AFMS0369","It's Beer O'clock!",updated,"Beer | Party-Time","Beer | Party-Time"
"AFHFMS0369","AFMS0369","It's Beer O'clock!",updated,"Beer | Party-Time","Beer | Party-Time"
"AFGFMS0370","AFMS0370","Wine A Bit",updated,"Party-Time | Wine-Drinks","Party-Time | Summer | Wine-Drinks"
"AFHFMS0370","AFMS0370","Wine A Bit",updated,"Party-Time | Wine-Drinks","Party-Time | Summer | Wine-Drinks"
"AFGFMS0371","AFMS0371","It's Beer Time",updated,"Beer | Party-Time","Beer | Party-Time"
"AFHFMS0371","AFMS0371","It's Beer Time",updated,"Beer | Party-Time","Beer | Party-Time"
"AFGFMS0372","AFMS0372","Bring Wine To Enter",updated,"Party-Time | Wine-Drinks","Grapes | Party-Time | Summer | Wine-Drinks"
"AFHFMS0372","AFMS0372","Bring Wine To Enter",updated,"Party-Time | Wine-Drinks","Grapes | Party-Time | Summer | Wine-Drinks"
"AFGFMS0373","AFMS0373","It's Wine O'clock",updated,"5-O-Clock-Somewhere | Party-Time | Wine-Drinks","5-O-Clock-Somewhere | Grapes | Party-Time | Summer | Wine-Drinks"
"AFHFMS0373","AFMS0373","It's Wine O'clock",updated,"5-O-Clock-Somewhere | Party-Time | Wine-Drinks","5-O-Clock-Somewhere | Grapes | Party-Time | Summer | Wine-Drinks"
"AFGFMS0374","AFMS0374","Pour Me A Beer",updated,"Beer | Party-Time","Beer | Party-Time"
"AFHFMS0374","AFMS0374","Pour Me A Beer",updated,"Beer | Party-Time","Beer | Party-Time"
"AFGFMS0375","AFMS0375","Wine Not?",updated,"Party-Time | Wine-Drinks","Grapes | Party-Time | Summer | Wine-Drinks"
"AFHFMS0375","AFMS0375","Wine Not?",updated,"Party-Time | Wine-Drinks","Grapes | Party-Time | Summer | Wine-Drinks"
"AFGFMS0376","AFMS0376","It's Always Happy Hour",updated,"Beer | Party-Time","Beer | Party-Time"
"AFHFMS0376","AFMS0376","It's Always Happy Hour",updated,"Beer | Party-Time","Beer | Party-Time"
"AFGFMS0445","AFMS0445","Baby Boy Delivery",updated,"Party-Time","Babies | Baby-And-Kids | Balloons | Family-Friends | Party-Time | Patterns | Stripes"
"AFHFMS0445","AFMS0445","Baby Boy Delivery",updated,"Party-Time","Babies | Baby-And-Kids | Balloons | Family-Friends | Party-Time | Patterns | Stripes"
"AFGFMS0617","AFMS0617","Birthday Gifts",updated,"Party-Time","Balloons | Birthday | Party-Time"
"AFHFMS0617","AFMS0617","Birthday Gifts",updated,"Party-Time","Balloons | Birthday | Party-Time"
"AFGFMS0618","AFMS0618","Three Tier Birthday Cake",updated,"Party-Time","Balloons | Birthday | Family-Friends | Food-Wine | Party-Time | Sweets"
"AFHFMS0618","AFMS0618","Three Tier Birthday Cake",updated,"Party-Time","Balloons | Birthday | Family-Friends | Food-Wine | Party-Time | Sweets"
"AFGFMS0619","AFMS0619","It's Your Birthday",updated,"Party-Time","Balloons | Birthday | Candles | Party-Time"
"AFHFMS0619","AFMS0619","It's Your Birthday",updated,"Party-Time","Balloons | Birthday | Candles | Party-Time"
"AFGFMS0620","AFMS0620","Birthday Dog",updated,"Party-Time","Balloons | Birthday | Dogs | Family-Friends | Golden-Retrievers | Party-Time | Pets-Animals"
"AFHFMS0620","AFMS0620","Birthday Dog",updated,"Party-Time","Balloons | Birthday | Dogs | Family-Friends | Golden-Retrievers | Party-Time | Pets-Animals"
"AFGFMS0675","AFMS0675","Baby Girl Elephant",updated,"Party-Time","Balloons | Birthday | Party-Time"
"AFHFMS0675","AFMS0675","Baby Girl Elephant",updated,"Party-Time","Balloons | Birthday | Party-Time"
"AFGFMS0676","AFMS0676","Baby Boy Elephant",updated,"Party-Time","Babies | Baby-And-Kids | Balloons | Elephants | Family-Friends | Party-Time | Pets-Animals | Wildlife"
"AFHFMS0676","AFMS0676","Baby Boy Elephant",updated,"Party-Time","Babies | Baby-And-Kids | Balloons | Elephants | Family-Friends | Party-Time | Pets-Animals | Wildlife"
"AFGFMS0687","AFMS0687","Happy Hour Monkey",updated,"5-O-Clock-Somewhere | Party-Time | Wine-Drinks","5-O-Clock-Somewhere | Party-Time | Summer | Tropical | Wine-Drinks"
"AFHFMS0687","AFMS0687","Happy Hour Monkey",updated,"5-O-Clock-Somewhere | Party-Time | Wine-Drinks","5-O-Clock-Somewhere | Party-Time | Summer | Tropical | Wine-Drinks"
"AFGFMS0688","AFMS0688","That Hit The Spot!",updated,"5-O-Clock-Somewhere | Margaritas | Party-Time","5-O-Clock-Somewhere | Butterflies | Butterflies-Insects | Flowers | Margaritas | Party-Time | Pets-Animals | Tropical-Flowers | Wild-Animals | Wildlife"
"AFHFMS0688","AFMS0688","That Hit The Spot!",updated,"5-O-Clock-Somewhere | Margaritas | Party-Time","5-O-Clock-Somewhere | Butterflies | Butterflies-Insects | Flowers | Margaritas | Party-Time | Pets-Animals | Tropical-Flowers | Wild-Animals | Wildlife"
"AFGFMS0689","AFMS0689","Happy Hour Flamingo",updated,"5-O-Clock-Somewhere | Party-Time | Wine-Drinks","5-O-Clock-Somewhere | Birds | Flamingos | Flowers | Food-Wine | Party-Time | Seasonal | Summer | Tropical | Tropical-Flowers | Wine-Drinks"
"AFHFMS0689","AFMS0689","Happy Hour Flamingo",updated,"5-O-Clock-Somewhere | Party-Time | Wine-Drinks","5-O-Clock-Somewhere | Birds | Flamingos | Flowers | Food-Wine | Party-Time | Seasonal | Summer | Tropical | Tropical-Flowers | Wine-Drinks"
"AFGFMS0690","AFMS0690","Happy Hour Parrot",updated,"5-O-Clock-Somewhere | Party-Time | Wine-Drinks","5-O-Clock-Somewhere | Birds | Flowers | Food-Wine | Parrots | Party-Time | Tropical-Flowers | Wine-Drinks"
"AFHFMS0690","AFMS0690","Happy Hour Parrot",updated,"5-O-Clock-Somewhere | Party-Time | Wine-Drinks","5-O-Clock-Somewhere | Birds | Flowers | Food-Wine | Parrots | Party-Time | Tropical-Flowers | Wine-Drinks"
"AFGFMS0691","AFMS0691","5 O'clock Flamingo",updated,"5-O-Clock-Somewhere | Party-Time","5-O-Clock-Somewhere | Beach | Beaches-Nautical | Birds | Flamingos | Party-Time | Seasonal | Summer | Tropical"
"AFHFMS0691","AFMS0691","5 O'clock Flamingo",updated,"5-O-Clock-Somewhere | Party-Time","5-O-Clock-Somewhere | Beach | Beaches-Nautical | Birds | Flamingos | Party-Time | Seasonal | Summer | Tropical"
"AFGFMS0692","AFMS0692","Toadaly Relaxed",updated,"Beer | Party-Time","Aquatic-Life | Beer | Flowers | Frogs | Great-Outdoors | Lakes | Party-Time | Pets-Animals"
"AFHFMS0692","AFMS0692","Toadaly Relaxed",updated,"Beer | Party-Time","Aquatic-Life | Beer | Flowers | Frogs | Great-Outdoors | Lakes | Party-Time | Pets-Animals"
"AFGFMS0706","AFMS0706","Tropical Parrots Cocktail Hour",updated,"5-O-Clock-Somewhere | Party-Time | Wine-Drinks","5-O-Clock-Somewhere | Birds | Food-Wine | Parrots | Party-Time | Summer | Tropical | Wine-Drinks"
"AFHFMS0706","AFMS0706","Tropical Parrots Cocktail Hour",updated,"5-O-Clock-Somewhere | Party-Time | Wine-Drinks","5-O-Clock-Somewhere | Birds | Food-Wine | Parrots | Party-Time | Summer | Tropical | Wine-Drinks"
"AFGFMS0707","AFMS0707","Beachfront Happy Hour Cocktails",updated,"5-O-Clock-Somewhere | Party-Time | Wine-Drinks","5-O-Clock-Somewhere | Party-Time | Summer | Wine-Drinks"
"AFHFMS0707","AFMS0707","Beachfront Happy Hour Cocktails",updated,"5-O-Clock-Somewhere | Party-Time | Wine-Drinks","5-O-Clock-Somewhere | Party-Time | Summer | Wine-Drinks"
"AFGFMS0779","AFMS0779","Coffee and Books",updated,"Wine-Drinks","Coffee | Summer | Wine-Drinks"
"AFHFMS0779","AFMS0779","Coffee and Books",updated,"Wine-Drinks","Coffee | Summer | Wine-Drinks"
"AFGFMS0821","AFMS0821","Cinco de Mayo Festive Cactus",updated,"Party-Time","Mexican | Party-Time | Regional"
"AFHFMS0821","AFMS0821","Cinco de Mayo Festive Cactus",updated,"Party-Time","Mexican | Party-Time | Regional"
"AFGFMS0822","AFMS0822","Cinco de Mayo Sombrero Fiesta",updated,"Party-Time","Mexican | Party-Time | Regional"
"AFHFMS0822","AFMS0822","Cinco de Mayo Sombrero Fiesta",updated,"Party-Time","Mexican | Party-Time | Regional"
"AFGFMS0823","AFMS0823","Cinco de Mayo Guitar Margarita Fiesta",updated,"Margaritas | Party-Time | Wine-Drinks","Daisies | Flowers | Food-Wine | Margaritas | Mexican | Party-Time | Summer-Fall-Flowers | Wine-Drinks"
"AFHFMS0823","AFMS0823","Cinco de Mayo Guitar Margarita Fiesta",updated,"Margaritas | Party-Time | Wine-Drinks","Daisies | Flowers | Food-Wine | Margaritas | Mexican | Party-Time | Summer-Fall-Flowers | Wine-Drinks"
"AFGFMS0825","AFMS0825","Cinco de Mayo Piñata Fiesta",updated,"Party-Time","Balloons | Mexican | Party-Time | Regional"
"AFHFMS0825","AFMS0825","Cinco de Mayo Piñata Fiesta",updated,"Party-Time","Balloons | Mexican | Party-Time | Regional"
"AFGFSP0157","AFSP0157","It's 5 O'clock Somewhere!",updated,"5-O-Clock-Somewhere | Party-Time","5-O-Clock-Somewhere | Beach | Beaches-Nautical | Birds | Coastal | Parrots | Party-Time | Seasonal | Summer | Tropical"
"AFHFSP0157","AFSP0157","It's 5 O'clock Somewhere!",updated,"5-O-Clock-Somewhere | Party-Time","5-O-Clock-Somewhere | Beach | Beaches-Nautical | Birds | Coastal | Parrots | Party-Time | Seasonal | Summer | Tropical"
"AFGFSP0218","AFSP0218","Pets Welcome Sign",updated,"Party-Time","Balloons | Cats | Dog-Paws | Dogs | Gardens | Humor | Party-Time | Pets-Animals | Trees"
"AFHFSP0218","AFSP0218","Pets Welcome Sign",updated,"Party-Time","Balloons | Cats | Dog-Paws | Dogs | Gardens | Humor | Party-Time | Pets-Animals | Trees"
"AFGFSP0264","AFSP0264","Mom, You're Always In My Heart",updated,"Party-Time","Balloons | Mothers-Day | Party-Time | Seasonal"
"AFHFSP0264","AFSP0264","Mom, You're Always In My Heart",updated,"Party-Time","Balloons | Mothers-Day | Party-Time | Seasonal"
"AFGFSP0296","AFSP0296","May Your Glass Be Ever Full",updated,"Beer | Party-Time","Beer | Party-Time | Pot-Of-Gold | Seasonal | Shamrock-Clovers | St-Patricks-Day"
"AFHFSP0296","AFSP0296","May Your Glass Be Ever Full",updated,"Beer | Party-Time","Beer | Party-Time | Pot-Of-Gold | Seasonal | Shamrock-Clovers | St-Patricks-Day"
"AFGFSP0297","AFSP0297","Eat, Drink And Be Irish",updated,"Beer | Party-Time","Beer | Leprechauns | Party-Time | Pot-Of-Gold | Seasonal | Shamrock-Clovers | St-Patricks-Day"
"AFHFSP0297","AFSP0297","Eat, Drink And Be Irish",updated,"Beer | Party-Time","Beer | Leprechauns | Party-Time | Pot-Of-Gold | Seasonal | Shamrock-Clovers | St-Patricks-Day"
"AFDRSP0298","AFSP0298","Green Beer Cheers",updated,"Beer | Party-Time","Beer | Luck-of-the-Irish | Party-Time | Seasonal | Shamrock-Clovers | St-Patricks-Day"
"AFGFSP0298","AFSP0298","Green Beer Cheers",updated,"Beer | Party-Time","Beer | Luck-of-the-Irish | Party-Time | Seasonal | Shamrock-Clovers | St-Patricks-Day"
"AFHFSP0298","AFSP0298","Green Beer Cheers",updated,"Beer | Party-Time","Beer | Luck-of-the-Irish | Party-Time | Seasonal | Shamrock-Clovers | St-Patricks-Day"
"AFGFSP0300","AFSP0300","Cheers To St. Patrick",updated,"Beer | Party-Time","Beer | Happy-St-Patricks | Party-Time | Shamrock-Clovers | St-Patricks-Day"
"AFHFSP0300","AFSP0300","Cheers To St. Patrick",updated,"Beer | Party-Time","Beer | Happy-St-Patricks | Party-Time | Shamrock-Clovers | St-Patricks-Day"
"AFGFSP0312","AFSP0312","Green Beer Toast!",updated,"Beer | Party-Time","Beer | Happy-St-Patricks | Party-Time | Seasonal | Shamrock-Clovers | St-Patricks-Day"
"AFHFSP0312","AFSP0312","Green Beer Toast!",updated,"Beer | Party-Time","Beer | Happy-St-Patricks | Party-Time | Seasonal | Shamrock-Clovers | St-Patricks-Day"
"AFGFSP0317","AFSP0317","Irish Brew For Me And You",updated,"Beer | Party-Time","Beer | Happy-St-Patricks | Party-Time | Pot-Of-Gold | Seasonal | Shamrock-Clovers | St-Patricks-Day"
"AFHFSP0317","AFSP0317","Irish Brew For Me And You",updated,"Beer | Party-Time","Beer | Happy-St-Patricks | Party-Time | Pot-Of-Gold | Seasonal | Shamrock-Clovers | St-Patricks-Day"
"AFGFSP0471","AFSP0471","Irish Cheers!",updated,"Beer | Party-Time","Beer | Party-Time | Seasonal | Shamrock-Clovers | St-Patricks-Day"
"AFHFSP0471","AFSP0471","Irish Cheers!",updated,"Beer | Party-Time","Beer | Party-Time | Seasonal | Shamrock-Clovers | St-Patricks-Day"
"AFGFSP0561","AFSP0561","Leprechaun Trio Festivities",updated,"Beer | Party-Time","Beer | Happy-St-Patricks | Leprechauns | Party-Time | Pot-Of-Gold | Seasonal | Shamrock-Clovers | St-Patricks-Day"
"AFHFSP0561","AFSP0561","Leprechaun Trio Festivities",updated,"Beer | Party-Time","Beer | Happy-St-Patricks | Leprechauns | Party-Time | Pot-Of-Gold | Seasonal | Shamrock-Clovers | St-Patricks-Day"
"AFGFSP0681","AFSP0681","Happy St. Patrick's Day Gnome Truck",updated,"Party-Time","Balloons | Country-Living | Happy-St-Patricks | Party-Time | Seasonal | Shamrock-Clovers | St-Patricks-Day | Truck"
"AFHFSP0681","AFSP0681","Happy St. Patrick's Day Gnome Truck",updated,"Party-Time","Balloons | Country-Living | Happy-St-Patricks | Party-Time | Seasonal | Shamrock-Clovers | St-Patricks-Day | Truck"
"AFGFSP0747","AFSP0747","Welcome Leprechaun St. Patrick's Day Shamrock Garden Flag",updated,"Beer | Party-Time","Beer | Leprechauns | Party-Time | Pot-Of-Gold | Seasonal | Shamrock-Clovers | St-Patricks-Day"
"AFHFSP0747","AFSP0747","Welcome Leprechaun St. Patrick's Day Shamrock Garden Flag",updated,"Beer | Party-Time","Beer | Leprechauns | Party-Time | Pot-Of-Gold | Seasonal | Shamrock-Clovers | St-Patricks-Day"
"AFGFSP0748","AFSP0748","St Patrick's Day Gnome Beer Welcome Garden Flag",updated,"Beer | Party-Time","Beer | Garden-Gnomes | Gardens | Party-Time | Seasonal | Shamrock-Clovers | St-Patricks-Day"
"AFHFSP0748","AFSP0748","St Patrick's Day Gnome Beer Welcome Garden Flag",updated,"Beer | Party-Time","Beer | Garden-Gnomes | Gardens | Party-Time | Seasonal | Shamrock-Clovers | St-Patricks-Day"
"AFDRSU0007","AFSU0007","Celebrate Freedom",updated,"Party-Time","4th-Of-July | Balloons | Liberty-Freedom | Party-Time | Patriotic | Seasonal | Stars"
"AFDRSU0007-CD","AFSU0007","Celebrate Freedom",updated,"Party-Time","4th-Of-July | Balloons | Liberty-Freedom | Party-Time | Patriotic | Seasonal | Stars"
"AFGFSU0007","AFSU0007","Celebrate Freedom",updated,"Party-Time","4th-Of-July | Balloons | Liberty-Freedom | Party-Time | Patriotic | Seasonal | Stars"
"AFHFSU0007","AFSU0007","Celebrate Freedom",updated,"Party-Time","4th-Of-July | Balloons | Liberty-Freedom | Party-Time | Patriotic | Seasonal | Stars"
"AFGFSU0053","AFSU0053","Beach Party For Two",updated,"Wine-Drinks","Aquatic-Life | Beach | Beaches-Nautical | Pets-Animals | Sea-Shells | Summer | Watermelon | Wine-Drinks"
"AFHFSU0053","AFSU0053","Beach Party For Two",updated,"Wine-Drinks","Aquatic-Life | Beach | Beaches-Nautical | Pets-Animals | Sea-Shells | Summer | Watermelon | Wine-Drinks"
"AFGFSU0079","AFSU0079","Beery Father's Day!",updated,"Beer | Party-Time","Beer | Fathers-Day | Party-Time | Seasonal"
"AFHFSU0079","AFSU0079","Beery Father's Day!",updated,"Beer | Party-Time","Beer | Fathers-Day | Party-Time | Seasonal"
"AFGFSU0129","AFSU0129","Outside At The Tiki Bar",updated,"Wine-Drinks","Beach | Beaches-Nautical | Summer | Tropical | Wine-Drinks"
"AFHFSU0129","AFSU0129","Outside At The Tiki Bar",updated,"Wine-Drinks","Beach | Beaches-Nautical | Summer | Tropical | Wine-Drinks"
"AFDRSU0154","AFSU0154","Independence Day Party",updated,"Party-Time","4th-Of-July | American-Flags | Balloons | Party-Time | Patriotic | Seasonal"
"AFGFSU0154","AFSU0154","Independence Day Party",updated,"Party-Time","4th-Of-July | American-Flags | Balloons | Party-Time | Patriotic | Seasonal"
"AFHFSU0154","AFSU0154","Independence Day Party",updated,"Party-Time","4th-Of-July | American-Flags | Balloons | Party-Time | Patriotic | Seasonal"
"AFDRSU0161","AFSU0161","Happy Independence Day On White Wood",updated,"Party-Time","4th-Of-July | American-Flags | Balloons | Party-Time | Patriotic | Seasonal | Stars"
"AFGFSU0161","AFSU0161","Happy Independence Day On White Wood",updated,"Party-Time","4th-Of-July | American-Flags | Balloons | Party-Time | Patriotic | Seasonal | Stars"
"AFHFSU0161","AFSU0161","Happy Independence Day On White Wood",updated,"Party-Time","4th-Of-July | American-Flags | Balloons | Party-Time | Patriotic | Seasonal | Stars"
"AFGFSU0166","AFSU0166","Mountain View Picnic",updated,"Wine-Drinks","Grapes | Summer | Wine-Drinks"
"AFHFSU0166","AFSU0166","Mountain View Picnic",updated,"Wine-Drinks","Grapes | Summer | Wine-Drinks"
"AFGFSU0168","AFSU0168","Romantic Summer Picnic",updated,"Wine-Drinks","Grapes | Summer | Wine-Drinks"
"AFHFSU0168","AFSU0168","Romantic Summer Picnic",updated,"Wine-Drinks","Grapes | Summer | Wine-Drinks"
"AFGFSU0172","AFSU0172","Tropical Summer Drinks",updated,"Wine-Drinks","Citrus | Food-Wine | Lemons | Seasonal | Summer | Tropical | Wine-Drinks"
"AFHFSU0172","AFSU0172","Tropical Summer Drinks",updated,"Wine-Drinks","Citrus | Food-Wine | Lemons | Seasonal | Summer | Tropical | Wine-Drinks"
"AFGFSU0175","AFSU0175","Lemonade Splash",updated,"Wine-Drinks","Lemonade | Lemons | Summer | Wine-Drinks"
"AFHFSU0175","AFSU0175","Lemonade Splash",updated,"Wine-Drinks","Lemonade | Lemons | Summer | Wine-Drinks"
"AFGFSU0238","AFSU0238","Pool Party",updated,"Party-Time","Flip-Flops | Food-Wine | Party-Time | Pool-Party | Seasonal | Summer | Watermelon"
"AFHFSU0238","AFSU0238","Pool Party",updated,"Party-Time","Flip-Flops | Food-Wine | Party-Time | Pool-Party | Seasonal | Summer | Watermelon"
"AFGFSU0244","AFSU0244","Everyone In The Pool!",updated,"Party-Time","Party-Time | Pool | Pool-Party | Seasonal | Summer"
"AFHFSU0244","AFSU0244","Everyone In The Pool!",updated,"Party-Time","Party-Time | Pool | Pool-Party | Seasonal | Summer"
"AFGFSU0270","AFSU0270","Politician Gnome",updated,"Party-Time","4th-Of-July | Balloons | Party-Time | Seasonal | Stars"
"AFHFSU0270","AFSU0270","Politician Gnome",updated,"Party-Time","4th-Of-July | Balloons | Party-Time | Seasonal | Stars"
"AFGFSU0338-CG","AFSU0338","America Forever Poolside Party Garden Flag",updated,"Wine-Drinks","Dogs | Food-Wine | Fruits | Pets-Animals | Pool | Seasonal | Summer | Wine-Drinks"
"AFGFSU0344","AFSU0344","Seaside Summer Bliss",updated,"Wine-Drinks","Beach | Beaches-Nautical | Birds | Flip-Flops | Flowers | Food-Wine | Hydrangeas | Nautical | Seagulls | Seasonal | Spring-Flowers | Summer | Wine-Drinks"
"AFHFSU0344","AFSU0344","Seaside Summer Bliss",updated,"Wine-Drinks","Beach | Beaches-Nautical | Birds | Flip-Flops | Flowers | Food-Wine | Hydrangeas | Nautical | Seagulls | Seasonal | Spring-Flowers | Summer | Wine-Drinks"
"AFGFSU0346","AFSU0346","Beachside Gnome Cheers",updated,"5-O-Clock-Somewhere | Party-Time","5-O-Clock-Somewhere | Aquatic-Life | Beach | Beaches-Nautical | Flowers | Garden-Gnomes | Party-Time | Pets-Animals | Sea-Shells | Starfish | Summer | Tropical"
"AFHFSU0346","AFSU0346","Beachside Gnome Cheers",updated,"5-O-Clock-Somewhere | Party-Time","5-O-Clock-Somewhere | Aquatic-Life | Beach | Beaches-Nautical | Flowers | Garden-Gnomes | Party-Time | Pets-Animals | Sea-Shells | Starfish | Summer | Tropical"
"AFGFSU0373","AFSU0373","Hello Summer Watermelon Gnome",updated,"Wine-Drinks","Flowers | Garden-Gnomes | Summer | Watermelon | Wine-Drinks"
"AFHFSU0373","AFSU0373","Hello Summer Watermelon Gnome",updated,"Wine-Drinks","Flowers | Garden-Gnomes | Summer | Watermelon | Wine-Drinks"
"AFGFSU0411","AFSU0411","Gone Fishing Lake Dock",updated,"Beer","Beer | Fishing | Spring | Summer"
"AFHFSU0411","AFSU0411","Gone Fishing Lake Dock",updated,"Beer","Beer | Fishing | Spring | Summer"
"AFGFSU0439","AFSU0439","Happy 250th America Garden Flag",updated,"Party-Time","4th-Of-July | Balloons | Fireworks | Party-Time | Seasonal"
"AFHFSU0439","AFSU0439","Happy 250th America Garden Flag",updated,"Party-Time","4th-Of-July | Balloons | Fireworks | Party-Time | Seasonal"
"AFGFSU0444","AFSU0444","America Forever Welcome to the Pool Summer Decor Garden Flag",updated,"Party-Time","Birds | Flamingos | Flowers | Food-Wine | Party-Time | Pool-Party"
"AFHFSU0444","AFSU0444","America Forever Welcome to the Pool Summer Decor Garden Flag",updated,"Party-Time","Birds | Flamingos | Flowers | Food-Wine | Party-Time | Pool-Party"
"AFGFWR0017","AFWR0017","New Year Cheers",updated,"Wine-Drinks","Happy-New-Year | Letter-A | Monogrammed | New-Year | Wine-Drinks"
"AFGFWR0017A","AFWR0017","New Year Cheers",updated,"Wine-Drinks","Happy-New-Year | Letter-A | Monogrammed | New-Year | Wine-Drinks"
"AFGFWR0017B","AFWR0017","New Year Cheers",updated,"Wine-Drinks","Happy-New-Year | Letter-A | Monogrammed | New-Year | Wine-Drinks"
"AFGFWR0017C","AFWR0017","New Year Cheers",updated,"Wine-Drinks","Happy-New-Year | Letter-A | Monogrammed | New-Year | Wine-Drinks"
"AFGFWR0017D","AFWR0017","New Year Cheers",updated,"Wine-Drinks","Happy-New-Year | Letter-A | Monogrammed | New-Year | Wine-Drinks"
"AFGFWR0017E","AFWR0017","New Year Cheers",updated,"Wine-Drinks","Happy-New-Year | Letter-A | Monogrammed | New-Year | Wine-Drinks"
"AFGFWR0017F","AFWR0017","New Year Cheers",updated,"Wine-Drinks","Happy-New-Year | Letter-A | Monogrammed | New-Year | Wine-Drinks"
"AFGFWR0017G","AFWR0017","New Year Cheers",updated,"Wine-Drinks","Happy-New-Year | Letter-A | Monogrammed | New-Year | Wine-Drinks"
"AFGFWR0017H","AFWR0017","New Year Cheers",updated,"Wine-Drinks","Happy-New-Year | Letter-A | Monogrammed | New-Year | Wine-Drinks"
"AFGFWR0017I","AFWR0017","New Year Cheers",updated,"Wine-Drinks","Happy-New-Year | Letter-A | Monogrammed | New-Year | Wine-Drinks"
"AFGFWR0017J","AFWR0017","New Year Cheers",updated,"Wine-Drinks","Happy-New-Year | Letter-A | Monogrammed | New-Year | Wine-Drinks"
"AFGFWR0017K","AFWR0017","New Year Cheers",updated,"Wine-Drinks","Happy-New-Year | Letter-A | Monogrammed | New-Year | Wine-Drinks"
"AFGFWR0017L","AFWR0017","New Year Cheers",updated,"Wine-Drinks","Happy-New-Year | Letter-A | Monogrammed | New-Year | Wine-Drinks"
"AFGFWR0017M","AFWR0017","New Year Cheers",updated,"Wine-Drinks","Happy-New-Year | Letter-A | Monogrammed | New-Year | Wine-Drinks"
"AFGFWR0017N","AFWR0017","New Year Cheers",updated,"Wine-Drinks","Happy-New-Year | Letter-A | Monogrammed | New-Year | Wine-Drinks"
"AFGFWR0017O","AFWR0017","New Year Cheers",updated,"Wine-Drinks","Happy-New-Year | Letter-A | Monogrammed | New-Year | Wine-Drinks"
"AFGFWR0017P","AFWR0017","New Year Cheers",updated,"Wine-Drinks","Happy-New-Year | Letter-A | Monogrammed | New-Year | Wine-Drinks"
"AFGFWR0017Q","AFWR0017","New Year Cheers",updated,"Wine-Drinks","Happy-New-Year | Letter-A | Monogrammed | New-Year | Wine-Drinks"
"AFGFWR0017R","AFWR0017","New Year Cheers",updated,"Wine-Drinks","Happy-New-Year | Letter-A | Monogrammed | New-Year | Wine-Drinks"
"AFGFWR0017S","AFWR0017","New Year Cheers",updated,"Wine-Drinks","Happy-New-Year | Letter-A | Monogrammed | New-Year | Wine-Drinks"
"AFGFWR0017T","AFWR0017","New Year Cheers",updated,"Wine-Drinks","Happy-New-Year | Letter-A | Monogrammed | New-Year | Wine-Drinks"
"AFGFWR0017U","AFWR0017","New Year Cheers",updated,"Wine-Drinks","Happy-New-Year | Letter-A | Monogrammed | New-Year | Wine-Drinks"
"AFGFWR0017V","AFWR0017","New Year Cheers",updated,"Wine-Drinks","Happy-New-Year | Letter-A | Monogrammed | New-Year | Wine-Drinks"
"AFGFWR0017W","AFWR0017","New Year Cheers",updated,"Wine-Drinks","Happy-New-Year | Letter-A | Monogrammed | New-Year | Wine-Drinks"
"AFGFWR0017X","AFWR0017","New Year Cheers",updated,"Wine-Drinks","Happy-New-Year | Letter-A | Monogrammed | New-Year | Wine-Drinks"
"AFGFWR0017Y","AFWR0017","New Year Cheers",updated,"Wine-Drinks","Happy-New-Year | Letter-A | Monogrammed | New-Year | Wine-Drinks"
"AFGFWR0017Z","AFWR0017","New Year Cheers",updated,"Wine-Drinks","Happy-New-Year | Letter-A | Monogrammed | New-Year | Wine-Drinks"
"AFHFWR0017","AFWR0017","New Year Cheers",updated,"Wine-Drinks","Happy-New-Year | Letter-A | Monogrammed | New-Year | Wine-Drinks"
"AFHFWR0017A","AFWR0017","New Year Cheers",updated,"Wine-Drinks","Happy-New-Year | Letter-A | Monogrammed | New-Year | Wine-Drinks"
"AFHFWR0017B","AFWR0017","New Year Cheers",updated,"Wine-Drinks","Happy-New-Year | Letter-A | Monogrammed | New-Year | Wine-Drinks"
"AFHFWR0017C","AFWR0017","New Year Cheers",updated,"Wine-Drinks","Happy-New-Year | Letter-A | Monogrammed | New-Year | Wine-Drinks"
"AFHFWR0017D","AFWR0017","New Year Cheers",updated,"Wine-Drinks","Happy-New-Year | Letter-A | Monogrammed | New-Year | Wine-Drinks"
"AFHFWR0017E","AFWR0017","New Year Cheers",updated,"Wine-Drinks","Happy-New-Year | Letter-A | Monogrammed | New-Year | Wine-Drinks"
"AFHFWR0017F","AFWR0017","New Year Cheers",updated,"Wine-Drinks","Happy-New-Year | Letter-A | Monogrammed | New-Year | Wine-Drinks"
"AFHFWR0017G","AFWR0017","New Year Cheers",updated,"Wine-Drinks","Happy-New-Year | Letter-A | Monogrammed | New-Year | Wine-Drinks"
"AFHFWR0017H","AFWR0017","New Year Cheers",updated,"Wine-Drinks","Happy-New-Year | Letter-A | Monogrammed | New-Year | Wine-Drinks"
"AFHFWR0017I","AFWR0017","New Year Cheers",updated,"Wine-Drinks","Happy-New-Year | Letter-A | Monogrammed | New-Year | Wine-Drinks"
"AFHFWR0017J","AFWR0017","New Year Cheers",updated,"Wine-Drinks","Happy-New-Year | Letter-A | Monogrammed | New-Year | Wine-Drinks"
"AFHFWR0017K","AFWR0017","New Year Cheers",updated,"Wine-Drinks","Happy-New-Year | Letter-A | Monogrammed | New-Year | Wine-Drinks"
"AFHFWR0017L","AFWR0017","New Year Cheers",updated,"Wine-Drinks","Happy-New-Year | Letter-A | Monogrammed | New-Year | Wine-Drinks"
"AFHFWR0017M","AFWR0017","New Year Cheers",updated,"Wine-Drinks","Happy-New-Year | Letter-A | Monogrammed | New-Year | Wine-Drinks"
"AFHFWR0017N","AFWR0017","New Year Cheers",updated,"Wine-Drinks","Happy-New-Year | Letter-A | Monogrammed | New-Year | Wine-Drinks"
"AFHFWR0017O","AFWR0017","New Year Cheers",updated,"Wine-Drinks","Happy-New-Year | Letter-A | Monogrammed | New-Year | Wine-Drinks"
"AFHFWR0017P","AFWR0017","New Year Cheers",updated,"Wine-Drinks","Happy-New-Year | Letter-A | Monogrammed | New-Year | Wine-Drinks"
"AFHFWR0017Q","AFWR0017","New Year Cheers",updated,"Wine-Drinks","Happy-New-Year | Letter-A | Monogrammed | New-Year | Wine-Drinks"
"AFHFWR0017R","AFWR0017","New Year Cheers",updated,"Wine-Drinks","Happy-New-Year | Letter-A | Monogrammed | New-Year | Wine-Drinks"
"AFHFWR0017S","AFWR0017","New Year Cheers",updated,"Wine-Drinks","Happy-New-Year | Letter-A | Monogrammed | New-Year | Wine-Drinks"
"AFHFWR0017T","AFWR0017","New Year Cheers",updated,"Wine-Drinks","Happy-New-Year | Letter-A | Monogrammed | New-Year | Wine-Drinks"
"AFHFWR0017U","AFWR0017","New Year Cheers",updated,"Wine-Drinks","Happy-New-Year | Letter-A | Monogrammed | New-Year | Wine-Drinks"
"AFHFWR0017V","AFWR0017","New Year Cheers",updated,"Wine-Drinks","Happy-New-Year | Letter-A | Monogrammed | New-Year | Wine-Drinks"
"AFHFWR0017W","AFWR0017","New Year Cheers",updated,"Wine-Drinks","Happy-New-Year | Letter-A | Monogrammed | New-Year | Wine-Drinks"
"AFHFWR0017X","AFWR0017","New Year Cheers",updated,"Wine-Drinks","Happy-New-Year | Letter-A | Monogrammed | New-Year | Wine-Drinks"
"AFHFWR0017Y","AFWR0017","New Year Cheers",updated,"Wine-Drinks","Happy-New-Year | Letter-A | Monogrammed | New-Year | Wine-Drinks"
"AFHFWR0017Z","AFWR0017","New Year Cheers",updated,"Wine-Drinks","Happy-New-Year | Letter-A | Monogrammed | New-Year | Wine-Drinks"
"AFDRWR0181","AFWR0181","Puppy Love",updated,"Party-Time","Balloons | Dogs | Flowers | Hearts | Party-Time | Pets-Animals | Roses | Seasonal | Spring-Flowers | Valentines-Day | Valentines-Love"
"AFGFWR0181","AFWR0181","Puppy Love",updated,"Party-Time","Balloons | Dogs | Flowers | Hearts | Party-Time | Pets-Animals | Roses | Seasonal | Spring-Flowers | Valentines-Day | Valentines-Love"
"AFHFWR0181","AFWR0181","Puppy Love",updated,"Party-Time","Balloons | Dogs | Flowers | Hearts | Party-Time | Pets-Animals | Roses | Seasonal | Spring-Flowers | Valentines-Day | Valentines-Love"
"AFGFWR0191","AFWR0191","You Pull My Heart Strings",updated,"Party-Time","Baby-And-Kids | Balloons | Be-My-Valentine | Family-Friends | Hearts | Party-Time | Seasonal | Teddy-Bears | Valentines-Day"
"AFHFWR0191","AFWR0191","You Pull My Heart Strings",updated,"Party-Time","Baby-And-Kids | Balloons | Be-My-Valentine | Family-Friends | Hearts | Party-Time | Seasonal | Teddy-Bears | Valentines-Day"
"AFGFWR0202","AFWR0202","Love Is In The Air",updated,"Party-Time","Balloons | Hearts | Party-Time | Seasonal | Valentines-Day | Valentines-Love"
"AFHFWR0202","AFWR0202","Love Is In The Air",updated,"Party-Time","Balloons | Hearts | Party-Time | Seasonal | Valentines-Day | Valentines-Love"
"AFGFWR0204","AFWR0204","Celebrate Our Love",updated,"Party-Time","Balloons | Hearts | Party-Time | Seasonal | Valentines-Day | Valentines-Love"
"AFHFWR0204","AFWR0204","Celebrate Our Love",updated,"Party-Time","Balloons | Hearts | Party-Time | Seasonal | Valentines-Day | Valentines-Love"
"AFGFWR0206","AFWR0206","Eat Your Heart Out!",updated,"Wine-Drinks","Happy-Valentines | Hearts | Roses | Sweets | Valentines-Day | Wine-Drinks"
"AFHFWR0206","AFWR0206","Eat Your Heart Out!",updated,"Wine-Drinks","Happy-Valentines | Hearts | Roses | Sweets | Valentines-Day | Wine-Drinks"
"AFGFWR0219","AFWR0219","New Year Party",updated,"Wine-Drinks","Happy-New-Year | New-Year | Wine-Drinks"
"AFHFWR0219","AFWR0219","New Year Party",updated,"Wine-Drinks","Happy-New-Year | New-Year | Wine-Drinks"
"AFGFWR0233","AFWR0233","Party At Midnight",updated,"Wine-Drinks","Food-Wine | Happy-New-Year | New-Year | Seasonal | Wine-Drinks"
"AFHFWR0233","AFWR0233","Party At Midnight",updated,"Wine-Drinks","Food-Wine | Happy-New-Year | New-Year | Seasonal | Wine-Drinks"
"AFGFWR0234","AFWR0234","New Year Party Hats",updated,"Party-Time","Balloons | Happy-New-Year | New-Year | Party-Time | Patterns | Stripes"
"AFHFWR0234","AFWR0234","New Year Party Hats",updated,"Party-Time","Balloons | Happy-New-Year | New-Year | Party-Time | Patterns | Stripes"
"AFGFWR0238","AFWR0238","New Year Toast",updated,"Wine-Drinks","Happy-New-Year | New-Year | Wine-Drinks"
"AFHFWR0238","AFWR0238","New Year Toast",updated,"Wine-Drinks","Happy-New-Year | New-Year | Wine-Drinks"
"AFGFWR0241","AFWR0241","Pop The Cork!",updated,"Wine-Drinks","Happy-New-Year | New-Year | Wine-Drinks"
"AFHFWR0241","AFWR0241","Pop The Cork!",updated,"Wine-Drinks","Happy-New-Year | New-Year | Wine-Drinks"
"AFGFWR0245","AFWR0245","Ready For The New Year",updated,"Wine-Drinks","Happy-New-Year | New-Year | Wine-Drinks"
"AFHFWR0245","AFWR0245","Ready For The New Year",updated,"Wine-Drinks","Happy-New-Year | New-Year | Wine-Drinks"
"AFGFWR0251","AFWR0251","Clink! Happy New Year!",updated,"Wine-Drinks","Fireworks | Food-Wine | Happy-New-Year | New-Year | Seasonal | Wine-Drinks"
"AFHFWR0251","AFWR0251","Clink! Happy New Year!",updated,"Wine-Drinks","Fireworks | Food-Wine | Happy-New-Year | New-Year | Seasonal | Wine-Drinks"
"AFGFWR0252","AFWR0252","Welcome To A New Year",updated,"Wine-Drinks","Happy-New-Year | New-Year | Wine-Drinks"
"AFHFWR0252","AFWR0252","Welcome To A New Year",updated,"Wine-Drinks","Happy-New-Year | New-Year | Wine-Drinks"
"AFGFWR0254","AFWR0254","Cheers To The New Year",updated,"Wine-Drinks","Happy-New-Year | New-Year | Wine-Drinks"
"AFHFWR0254","AFWR0254","Cheers To The New Year",updated,"Wine-Drinks","Happy-New-Year | New-Year | Wine-Drinks"
"AFGFWR0256","AFWR0256","New Year Festivity",updated,"Wine-Drinks","4th-Of-July | Fireworks | Food-Wine | Happy-New-Year | New-Year | Seasonal | Wine-Drinks"
"AFHFWR0256","AFWR0256","New Year Festivity",updated,"Wine-Drinks","4th-Of-July | Fireworks | Food-Wine | Happy-New-Year | New-Year | Seasonal | Wine-Drinks"
"AFGFWR0257","AFWR0257","Ready For The Bubbly",updated,"Wine-Drinks","Happy-New-Year | New-Year | Wine-Drinks"
"AFHFWR0257","AFWR0257","Ready For The Bubbly",updated,"Wine-Drinks","Happy-New-Year | New-Year | Wine-Drinks"
"AFGFWR0261","AFWR0261","Mardi Gras Feather Masks",updated,"Mardi-Gras","Happy-Mardi-Gras | Mardi-Gras | Seasonal"
"AFHFWR0261","AFWR0261","Mardi Gras Feather Masks",updated,"Mardi-Gras","Happy-Mardi-Gras | Mardi-Gras | Seasonal"
"AFGFWR0262","AFWR0262","Happy Mardi Gras Purple",updated,"Mardi-Gras","Happy-Mardi-Gras | Mardi-Gras | Seasonal"
"AFHFWR0262","AFWR0262","Happy Mardi Gras Purple",updated,"Mardi-Gras","Happy-Mardi-Gras | Mardi-Gras | Seasonal"
"AFGFWR0263","AFWR0263","Fleur De Lis Welcome",updated,"Mardi-Gras","Diamonds | Fleur-De-Lis | Mardi-Gras | Patterns | Seasonal"
"AFHFWR0263","AFWR0263","Fleur De Lis Welcome",updated,"Mardi-Gras","Diamonds | Fleur-De-Lis | Mardi-Gras | Patterns | Seasonal"
"AFGFWR0264","AFWR0264","Mardi Gras Festival",updated,"Mardi-Gras","Mardi-Gras | Seasonal"
"AFHFWR0264","AFWR0264","Mardi Gras Festival",updated,"Mardi-Gras","Mardi-Gras | Seasonal"
"AFGFWR0265","AFWR0265","Mardi Gras Masks",updated,"Mardi-Gras","Happy-Mardi-Gras | Mardi-Gras | Seasonal"
"AFHFWR0265","AFWR0265","Mardi Gras Masks",updated,"Mardi-Gras","Happy-Mardi-Gras | Mardi-Gras | Seasonal"
"AFGFWR0266","AFWR0266","Black And Gold Masks",updated,"Mardi-Gras","Happy-Mardi-Gras | Mardi-Gras | Masks"
"AFHFWR0266","AFWR0266","Black And Gold Masks",updated,"Mardi-Gras","Happy-Mardi-Gras | Mardi-Gras | Masks"
"AFGFWR0267","AFWR0267","Festive Fleur De Lis",updated,"Mardi-Gras","Fleur-De-Lis | Mardi-Gras | Seasonal"
"AFHFWR0267","AFWR0267","Festive Fleur De Lis",updated,"Mardi-Gras","Fleur-De-Lis | Mardi-Gras | Seasonal"
"AFDRWR0268","AFWR0268","Let The Good Times Roll!",updated,"Mardi-Gras","Mardi-Gras | Masks | Seasonal"
"AFGFWR0268","AFWR0268","Let The Good Times Roll!",updated,"Mardi-Gras","Mardi-Gras | Masks | Seasonal"
"AFHFWR0268","AFWR0268","Let The Good Times Roll!",updated,"Mardi-Gras","Mardi-Gras | Masks | Seasonal"
"AFGFWR0269","AFWR0269","Glitzy Mardi Gras Mask",updated,"Mardi-Gras","Fleur-De-Lis | Mardi-Gras | Masks | Seasonal"
"AFHFWR0269","AFWR0269","Glitzy Mardi Gras Mask",updated,"Mardi-Gras","Fleur-De-Lis | Mardi-Gras | Masks | Seasonal"
"AFGFWR0270","AFWR0270","Carnival Mask",updated,"Mardi-Gras","Mardi-Gras | Masks | Seasonal"
"AFHFWR0270","AFWR0270","Carnival Mask",updated,"Mardi-Gras","Mardi-Gras | Masks | Seasonal"
"AFGFWR0271","AFWR0271","Mari Gras Jazz",updated,"Mardi-Gras","Diamonds | Mardi-Gras | Patterns | Seasonal"
"AFHFWR0271","AFWR0271","Mari Gras Jazz",updated,"Mardi-Gras","Diamonds | Mardi-Gras | Patterns | Seasonal"
"AFGFWR0272","AFWR0272","Masquerade",updated,"Mardi-Gras","Mardi-Gras | Masks | Seasonal"
"AFHFWR0272","AFWR0272","Masquerade",updated,"Mardi-Gras","Mardi-Gras | Masks | Seasonal"
"AFGFWR0273","AFWR0273","Mardi Gras Doubloons",updated,"Mardi-Gras","Mardi-Gras | Masks | Seasonal"
"AFHFWR0273","AFWR0273","Mardi Gras Doubloons",updated,"Mardi-Gras","Mardi-Gras | Masks | Seasonal"
"AFGFWR0274","AFWR0274","Mardi Gras Jester",updated,"Mardi-Gras","Fleur-De-Lis | Halloween | Happy-Mardi-Gras | Mardi-Gras | Masks | Seasonal"
"AFHFWR0274","AFWR0274","Mardi Gras Jester",updated,"Mardi-Gras","Fleur-De-Lis | Halloween | Happy-Mardi-Gras | Mardi-Gras | Masks | Seasonal"
"AFGFWR0275","AFWR0275","Beat The Drums! It's Mardi Gras!",updated,"Mardi-Gras","Mardi-Gras | Masks | Seasonal"
"AFHFWR0275","AFWR0275","Beat The Drums! It's Mardi Gras!",updated,"Mardi-Gras","Mardi-Gras | Masks | Seasonal"
"AFDRWR0276","AFWR0276","Mystical Masks",updated,"Mardi-Gras","Happy-Mardi-Gras | Mardi-Gras | Masks | Seasonal"
"AFGFWR0276","AFWR0276","Mystical Masks",updated,"Mardi-Gras","Happy-Mardi-Gras | Mardi-Gras | Masks | Seasonal"
"AFHFWR0276","AFWR0276","Mystical Masks",updated,"Mardi-Gras","Happy-Mardi-Gras | Mardi-Gras | Masks | Seasonal"
"AFGFWR0277","AFWR0277","Fancy Jester",updated,"Mardi-Gras","Mardi-Gras | Masks | Seasonal"
"AFHFWR0277","AFWR0277","Fancy Jester",updated,"Mardi-Gras","Mardi-Gras | Masks | Seasonal"
"AFGFWR0278","AFWR0278","Fat Tuesday Mask",updated,"Mardi-Gras","Diamonds | Mardi-Gras | Masks | Patterns | Seasonal"
"AFHFWR0278","AFWR0278","Fat Tuesday Mask",updated,"Mardi-Gras","Diamonds | Mardi-Gras | Masks | Patterns | Seasonal"
"AFDRWR0279","AFWR0279","Colorful Jester",updated,"Mardi-Gras","Happy-Mardi-Gras | Mardi-Gras | Masks | Seasonal"
"AFGFWR0279","AFWR0279","Colorful Jester",updated,"Mardi-Gras","Happy-Mardi-Gras | Mardi-Gras | Masks | Seasonal"
"AFHFWR0279","AFWR0279","Colorful Jester",updated,"Mardi-Gras","Happy-Mardi-Gras | Mardi-Gras | Masks | Seasonal"
"AFGFWR0280","AFWR0280","Mardi Gras Symbols",updated,"Mardi-Gras","Fleur-De-Lis | Mardi-Gras | Seasonal"
"AFHFWR0280","AFWR0280","Mardi Gras Symbols",updated,"Mardi-Gras","Fleur-De-Lis | Mardi-Gras | Seasonal"
"AFDRWR0281","AFWR0281","Fleur De Lis And Ribbon",updated,"Mardi-Gras","Fleur-De-Lis | Mardi-Gras | Seasonal"
"AFGFWR0281","AFWR0281","Fleur De Lis And Ribbon",updated,"Mardi-Gras","Fleur-De-Lis | Mardi-Gras | Seasonal"
"AFHFWR0281","AFWR0281","Fleur De Lis And Ribbon",updated,"Mardi-Gras","Fleur-De-Lis | Mardi-Gras | Seasonal"
"AFGFWR0282","AFWR0282","Mardi Gras Beaded Mask",updated,"Mardi-Gras","Happy-Mardi-Gras | Mardi-Gras | Masks"
"AFHFWR0282","AFWR0282","Mardi Gras Beaded Mask",updated,"Mardi-Gras","Happy-Mardi-Gras | Mardi-Gras | Masks"
"AFGFWR0283","AFWR0283","At The Mardi Gras Ball",updated,"Mardi-Gras","Happy-Mardi-Gras | Mardi-Gras | Masks"
"AFHFWR0283","AFWR0283","At The Mardi Gras Ball",updated,"Mardi-Gras","Happy-Mardi-Gras | Mardi-Gras | Masks"
"AFGFWR0284","AFWR0284","Mask And Feathers",updated,"Mardi-Gras","Halloween | Happy-Mardi-Gras | Mardi-Gras | Masks | Seasonal"
"AFHFWR0284","AFWR0284","Mask And Feathers",updated,"Mardi-Gras","Halloween | Happy-Mardi-Gras | Mardi-Gras | Masks | Seasonal"
"AFGFWR0285","AFWR0285","Party In New Orleans!",updated,"Mardi-Gras","Diamonds | Halloween | Mardi-Gras | Masks | Patterns | Seasonal"
"AFHFWR0285","AFWR0285","Party In New Orleans!",updated,"Mardi-Gras","Diamonds | Halloween | Mardi-Gras | Masks | Patterns | Seasonal"
"AFGFWR0470","AFWR0470","Vintage Valentine's Delivery",updated,"Party-Time","Balloons | Country-Living | Flowers | Hearts | Party-Time | Red-Truck | Roses | Seasonal | Valentines-Day"
"AFHFWR0470","AFWR0470","Vintage Valentine's Delivery",updated,"Party-Time","Balloons | Country-Living | Flowers | Hearts | Party-Time | Red-Truck | Roses | Seasonal | Valentines-Day"
"AFGFWR0475","AFWR0475","Festive Mardi Gras",updated,"Mardi-Gras","Halloween | Happy-Mardi-Gras | Mardi-Gras | Masks | Seasonal"
"AFHFWR0475","AFWR0475","Festive Mardi Gras",updated,"Mardi-Gras","Halloween | Happy-Mardi-Gras | Mardi-Gras | Masks | Seasonal"
"AFGFWR0476","AFWR0476","Mardi Gras Festivities",updated,"Mardi-Gras","Fleur-De-Lis | Mardi-Gras | Seasonal"
"AFHFWR0476","AFWR0476","Mardi Gras Festivities",updated,"Mardi-Gras","Fleur-De-Lis | Mardi-Gras | Seasonal"
"AFHFWR0550","AFWR0550","Happy New Year Champagne Celebration House Flag",updated,"Wine-Drinks","Food-Wine | Happy-New-Year | New-Year | Seasonal | Wine-Drinks"
"CA48735","CA48735","Carson Drink and Be Merry House Flag",updated,"Wine-Drinks","Christmas | Food-Wine | Merry-Christmas | Seasonal | Wine-Drinks"
"CA49654","CA49654","Carson Mardi Gras Sounds Garden Flag",updated,"Mardi-Gras","Happy-Mardi-Gras | Mardi-Gras"
"CA50535","CA50535","Carson Thanksgiving Bounty Garden Flag",updated,"Wine-Drinks","Fall | Fall-Leaves | Grapes | Thanksgiving-Pumpkins | Wine-Drinks"
"CA50594","CA50594","Carson Harvest Cornucopia Garden Flag",updated,"Wine-Drinks","Apples | Cornucopia | Fall-Leaves | Flowers | Give-Thanks | Sunflowers | Thanksgiving | Thanksgiving-Pumpkins | Wine-Drinks"
"CA52079","CA52079","Carson Beads & Feathers Dura Soft House Flag",updated,"Mardi-Gras","Happy-Mardi-Gras | Mardi-Gras | Masks"
"CA52535","CA52535","Carson Thanksgiving Bounty House Flag",updated,"Wine-Drinks","Fall | Fall-Leaves | Grapes | Love-Happiness | Thanksgiving-Pumpkins | Welcome-Flags | Wine-Drinks"
"CA52594","CA52594","Carson Harvest Cornucopia House Flag",updated,"Wine-Drinks","Apples | Cornucopia | Fall-Leaves | Give-Thanks | Sunflowers | Thanksgiving | Thanksgiving-Pumpkins | Wine-Drinks"
"CA53026","CA53026","Carson Shit Show Garden Flag",updated,"Wine-Drinks","Humor | Wine-Drinks"
"CA53075","CA53075","Carson Mardi Gras Garden Flag",updated,"Mardi-Gras","Fleur-De-Lis | Mardi-Gras | Seasonal"
"CA53134","CA53134","Carson Little Kittens Garden Flag",updated,"Wine-Drinks","Apples | Cats | Fall | Fall-Pumpkins | Family-Friends | Love-Happiness | Pets-Animals | Welcome-Flags | Wine-Drinks"
"CA53426","CA53426","Carson 5 O'Clock Somewhere House Flag",updated,"5-O-Clock-Somewhere | Margaritas | Party-Time","5-O-Clock-Somewhere | Beach | Beaches-Nautical | Birds | Coastal | Margaritas | Parrots | Party-Time | Seasonal | Summer | Tropical"
"CA54075","CA54075","Carson Mardi Gras House Flag",updated,"Mardi-Gras","Fleur-De-Lis | Mardi-Gras | Seasonal"
"CA54134","CA54134","Carson Little Kittens House Flag",updated,"Wine-Drinks","Apples | Cats | Fall | Fall-Pumpkins | Family-Friends | Love-Happiness | Pets-Animals | Welcome-Flags | Wine-Drinks"
"CA54426","CA54426","Carson 5 O'Clock Somewhere Garden Flag",updated,"5-O-Clock-Somewhere | Margaritas | Party-Time","5-O-Clock-Somewhere | Beach | Beaches-Nautical | Birds | Coastal | Margaritas | Parrots | Party-Time"
"CD4647FM","CD4647FM","Custom Decor Sun & Sand Appliqued Garden Flag",updated,"Wine-Drinks","Aquatic-Life | Beach | Beaches-Nautical | Coastal | Pets-Animals | Sea-Shells | Seasonal | Starfish | Summer | Sun | Sunshine | Wine-Drinks"
"CD4724","CD4724","Custom Decor Why Limit Happy Arbor Mate",updated,"5-O-Clock-Somewhere | Party-Time","5-O-Clock-Somewhere | Beach | Beaches-Nautical | Birds | Flowers | Hibiscus | Parrots | Party-Time | Seasonal | Summer | Tropical"
"CD4725","CD4725","Custom Decor Why Limit Happy Plant Expressions Magnet",updated,"5-O-Clock-Somewhere | Party-Time","5-O-Clock-Somewhere | Beach | Beaches-Nautical | Birds | Flowers | Hibiscus | Parrots | Party-Time | Seasonal | Summer | Tropical"
"CD4778FM","CD4778FM","Custom Decor Burlap Garden Flag - Santa Cookies",updated,"Wine-Drinks","Christmas | Santa | Sweets | Wine-Drinks"
"CD4946FM","CD4946FM","Custom Decor Apple Basket Garden Flag",updated,"Wine-Drinks","Apples | Blessings | Fall | Fall-Leaves | Fall-Pumpkins | Sunflowers | Wine-Drinks"
"CD5097FM","CD5097FM","Custom Decor Patriotic Patterns Garden Flag",updated,"Party-Time","American-Flags | Balloons | Party-Time | Patriotic | Patterns | Polka-Dots"
"CD5101SS","CD5101SS","Custom Decor Cool at the Pool Signature Sign",updated,"Party-Time","Flip-Flops | Party-Time | Pool | Pool-Party | Summer | Sun"
"CD5189FM","CD5189FM","Custom Decor Happy Birthday Party Garden Flag",updated,"Party-Time","Balloons | Birthday | Candles | Family-Friends | Party-Time | Presents | Seasonal"
"CD5285","CD5285","Custom Decor Sunny Watermelon Arbor Mate",readytosend,"Wine-Drinks","Butterflies | Lemonade | Lemons | Love-Happiness | Strawberries | Summer | Sun | Watermelon | Welcome-Flags | Wine-Drinks"
"CD5400FM","CD5400FM","Custom Decor State of Mind Garden Flag",updated,"5-O-Clock-Somewhere | Margaritas | Party-Time","5-O-Clock-Somewhere | Beach | Beaches-Nautical | Birds | Coastal | Flowers | Hibiscus | Margaritas | Parrots | Party-Time | Seasonal | Summer | Tropical"
"CD5400MM","CD5400MM","Custom Decor State of Mind Mailbox Cover",updated,"5-O-Clock-Somewhere | Margaritas | Party-Time","5-O-Clock-Somewhere | Birds | Flowers | Hibiscus | Margaritas | Parrots | Party-Time | Seasonal | Summer | Tropical"
"CD5400SS","CD5400SS","Custom Decor State of Mind Signature Sign",updated,"5-O-Clock-Somewhere | Margaritas | Party-Time","5-O-Clock-Somewhere | Beach | Beaches-Nautical | Birds | Coastal | Flowers | Hibiscus | Margaritas | Parrots | Party-Time | Seasonal | Spring-Flowers | Summer | Tropical"
"CD5400YE","CD5400YE","Custom Decor State of Mind Yard Expression",readytosend,"Margaritas | Party-Time","Beach | Beaches-Nautical | Birds | Coastal | Flowers | Hibiscus | Love-Happiness | Margaritas | Parrots | Party-Time | Seasonal | Spring-Flowers | Summer | Tropical | Welcome-Flags"
"CD5402FL","CD5402FL","Custom Decor Why Limit Happy To An Hour House Flag",updated,"5-O-Clock-Somewhere | Party-Time | Wine-Drinks","5-O-Clock-Somewhere | Beach | Beaches-Nautical | Birds | Flowers | Hibiscus | Parrots | Party-Time | Seasonal | Summer | Tropical | Wine-Drinks"
"CD5402FM","CD5402FM","Custom Decor Why Limit Happy To An Hour Garden Flag",updated,"5-O-Clock-Somewhere | Party-Time | Wine-Drinks","5-O-Clock-Somewhere | Beach | Beaches-Nautical | Birds | Flowers | Hibiscus | Parrots | Party-Time | Seasonal | Spring-Flowers | Summer | Tropical | Wine-Drinks"
"CD5402MM","CD5402MM","Custom Decor Why Limit Happy To An Hour Mailbox Cover",updated,"Margaritas | Party-Time","Beach | Beaches-Nautical | Birds | Flowers | Hibiscus | Margaritas | Parrots | Party-Time | Seasonal | Spring-Flowers | Summer | Tropical"
"CD5477M","CD5477M","Custom Decor Mat - Fall Lantern",updated,"Wine-Drinks","Candles | Country-Living | Fall | Fall-Pumpkins | Farm | Wine-Drinks"
"CD5612FL","CD5612FL","Custom Decor God Bless Wreath House Flag",updated,"Party-Time","4th-Of-July | Balloons | Christmas-Decorations | God-Bless-America | Party-Time | Patriotic | Seasonal | Stars | Wreaths"
"CD5623M","CD5623M","Custom Decor Sunny Watermelon Mat",readytosend,"Wine-Drinks","Butterflies | Lemonade | Lemons | Love-Happiness | Strawberries | Summer | Watermelon | Welcome-Flags | Wine-Drinks"
"CD5623YE","CD5623YE","Custom Decor Sunny Watermelon Yard Expression",updated,"Wine-Drinks","Butterflies | Fruits | Lemonade | Strawberries | Summer | Sun | Watermelon | Wine-Drinks"
"CD5624M","CD5624M","Custom Decor Popsicles Mat",updated,"Wine-Drinks","Fruits | Ice-Cream | Strawberries | Summer | Watermelon | Wine-Drinks"
"CD5624MM","CD5624MM","Custom Decor Popsicles Mailbox Makeover",updated,"Wine-Drinks","Fruits | Hello-Spring | Ice-Cream | Strawberries | Summer | Watermelon | Wine-Drinks"
"CD5624YE","CD5624YE","Custom Decor Popsicles Yard Expression",updated,"Wine-Drinks","Fruits | Ice-Cream | Strawberries | Summer | Watermelon | Wine-Drinks"
"EV13B12746","EV13B12746","Evergreen Mardi Gras Let Them Eat Cake Burlap House Flag",updated,"Mardi-Gras","Fleur-De-Lis | Mardi-Gras | Seasonal"
"EV13LU10710","EV13LU10710","Evergreen Animal Print Fleur De Lis House Flag",updated,"Mardi-Gras","Fleur-De-Lis | Mardi-Gras | Seasonal"
"EV13LU12529","EV13LU12529","Evergreen Mask and Beads Lustre House Flag",updated,"Mardi-Gras","Mardi-Gras | Seasonal"
"EV13S12967FB","EV13S12967FB","Evergreen Birthday Party House Flag",updated,"Party-Time","Birthday | Family-Friends | Party-Time"
"EV13S14455","EV13S14455","Evergreen Pumpkin Ale Suede House Flag",updated,"Beer | Party-Time","Beer | Humor | Party-Time | Pets-Animals | Squirrels | Wildlife"
"EV14B12746","EV14B12746","Evergreen Mardi Gras Let Them Eat Cake Burlap Garden Flag",updated,"Mardi-Gras","Fleur-De-Lis | Mardi-Gras | Seasonal"
"EV14LU10775","EV14LU10775","Evergreen Jester Lustre Garden Flag",updated,"Mardi-Gras","Fleur-De-Lis | Mardi-Gras | Seasonal"
"EV14S12073","EV14S12073","Evergreen Beautiful Home Suede Garden Flag",readytosend,"Mardi-Gras","Diamonds | Fleur-De-Lis | Love-Happiness | Mardi-Gras | Patterns | Seasonal | Stripes | Welcome-Flags"
"EV14S12967FB","EV14S12967FB","Evergreen Birthday Party Garden Flag",updated,"Party-Time","Birthday | Family-Friends | Party-Time"
"EV14S14455","EV14S14455","Evergreen Pumpkin Ale Suede Garden Flag",updated,"Beer | Party-Time","Beer | Fall | Fall-Pumpkins | Humor | Party-Time | Pets-Animals | Seasonal | Squirrels | Wildlife"
"EV1510245","EV1510245","Evergreen 5 o Clock Frog House Flag",updated,"5-O-Clock-Somewhere | Party-Time | Wine-Drinks","5-O-Clock-Somewhere | Aquatic-Life | Citrus | Food-Wine | Frogs | Party-Time | Pets-Animals | Pool | Seasonal | Summer | Wine-Drinks"
"EV1510313","EV1510313","Evergreen Have a Cup of Cheer Applique House Flag",updated,"Party-Time | Wine-Drinks","Christmas | Food-Wine | Party-Time | Seasonal | Wine-Drinks"
"EV159634","EV159634","Evergreen Fleur de Lis Double Appliqued House Flag",updated,"Mardi-Gras","Fleur-De-Lis | Mardi-Gras | Seasonal"
"EV159984","EV159984","Evergreen Mardi Gras Crazy Krewe Lives Here Appliqued House Flag",updated,"Mardi-Gras","Mardi-Gras | Seasonal"
"EV159990","EV159990","Evergreen Mardi Gras Theater Mask House Flag",updated,"Mardi-Gras","Mardi-Gras | Seasonal"
"EV159999","EV159999","Evergreen Valentine Love Balloon Appliqued House Flag",updated,"Party-Time","Balloons | Hearts | Party-Time | Seasonal | Valentines-Day | Valentines-Love"
"EV1610245","EV1610245","Evergreen 5 o Clock Frog Applique Garden Flag",updated,"5-O-Clock-Somewhere | Party-Time | Wine-Drinks","5-O-Clock-Somewhere | Aquatic-Life | Citrus | Food-Wine | Frogs | Party-Time | Pets-Animals | Wine-Drinks"
"EV1610313","EV1610313","Evergreen Have A Cup Of Cheer Applique Garden Flag",updated,"Margaritas | Party-Time | Wine-Drinks","Candy-Canes | Christmas | Food-Wine | Holly | Margaritas | Party-Time | Seasonal | Wine-Drinks | Winter"
"EV169634","EV169634","Evergreen Fleur de Lis Double Appliqued Garden Flag",updated,"Mardi-Gras","Fleur-De-Lis | Mardi-Gras | Seasonal"
"EV169745","EV169745","Evergreen I Make Pour Decisions Applique Garden Flag",updated,"Wine-Drinks","Food-Wine | Humor | Patterns | Polka-Dots | Wine-Drinks"
"EV169748","EV169748","Evergreen Drinks Well With Others Applique Garden Flag",updated,"5-O-Clock-Somewhere | Party-Time | Wine-Drinks","5-O-Clock-Somewhere | Food-Wine | Party-Time | Wine-Drinks"
"EV169796","EV169796","Evergreen It's Happy Hour Somewhere Appliqued Garden Flag",updated,"5-O-Clock-Somewhere | Party-Time","5-O-Clock-Somewhere | Citrus | Flowers | Party-Time | Seasonal | Summer | Sun | Tropical-Flowers"
"EV169968","EV169968","Evergreen Let the Good Times Roll Applique Garden Flag",updated,"Mardi-Gras","Aquatic-Life | Lobsters | Mardi-Gras | Pets-Animals | Seasonal"
"EV169984","EV169984","Evergreen Mardi Gras Crazy Krewe Lives Here Appliqued Garden Flag",updated,"Mardi-Gras","Mardi-Gras | Seasonal"
"EV169990","EV169990","Evergreen Mardi Gras Theater Mask Appliqued Garden Flag",updated,"Mardi-Gras","Mardi-Gras | Seasonal"
"EV169999","EV169999","Evergreen Valentine Love Balloon Appliqued Garden Flag",updated,"Party-Time","Balloons | Hearts | Party-Time | Seasonal | Valentines-Day | Valentines-Love"
"EV432367","EV432367","Evergreen It's Happy Hour Somewhere Sassafras Switch Mat",updated,"5-O-Clock-Somewhere | Party-Time","5-O-Clock-Somewhere | Flowers | Party-Time | Seasonal | Summer | Sun | Tropical-Flowers"
"EV432753","EV432753","Evergreen 5'O Clock Parrot Sassafras Switch Mat",updated,"5-O-Clock-Somewhere | Party-Time | Wine-Drinks","5-O-Clock-Somewhere | Beach | Beaches-Nautical | Birds | Food-Wine | Parrots | Party-Time | Seasonal | Summer | Tropical | Wine-Drinks"
"EV432754","EV432754","Evergreen 5'O Clock Frog Sassafras Switch Mat",updated,"5-O-Clock-Somewhere | Party-Time | Wine-Drinks","5-O-Clock-Somewhere | Aquatic-Life | Food-Wine | Frogs | Party-Time | Pets-Animals | Pool | Seasonal | Summer | Wine-Drinks"
"EV561043","EV561043","Evergreen 5'O Clock Frog Mailbox Cover",updated,"5-O-Clock-Somewhere | Party-Time | Wine-Drinks","5-O-Clock-Somewhere | Aquatic-Life | Food-Wine | Frogs | Party-Time | Pets-Animals | Pool | Seasonal | Summer | Wine-Drinks"
"EVMF260JMGF225","EVMF260JMGF225","Evergreen American Classic Bicycle Moire Garden Flag",updated,"Party-Time","American-Flags | Balloons | Bicycles | Flowers | Party-Time | Patriotic | Sports"
"EVMFFR6RMHF225","EVMFFR6RMHF225","Evergreen American Classic Bicycle Moire House Flag",updated,"Party-Time","4th-Of-July | Balloons | Bicycles | Flowers | Party-Time | Seasonal | Stars"
"EVSX5PT5SGF425","EVSX5PT5SGF425","Evergreen Stained Glass Summer Flamingo Garden Flag",updated,"Margaritas | Party-Time","Birds | Daylilies | Flamingos | Flowers | Margaritas | Party-Time | Patterns | Seasonal | Stained-Glass | Summer | Sun | Tropical-Flowers"
"EVSX7GWPSHF425","EVSX7GWPSHF425","Evergreen Suede 2-Sided House Flag - Stained Glass Summer Flamingo",updated,"Margaritas | Party-Time","Birds | Daylilies | Flamingos | Flowers | Margaritas | Party-Time | Patterns | Seasonal | Stained-Glass | Summer | Sun | Tropical-Flowers"
"EVSXJ6Z7SGF425","EVSXJ6Z7SGF425","Evergreen Pool's Open Suede 2-Sided Garden Flag",updated,"Party-Time","Flip-Flops | Party-Time | Pool | Pool-Party | Seasonal | Summer"
"EVSXM2YGF25","EVSXM2YGF25","Evergreen B.E.E.R  Garden Flag",updated,"Beer | Party-Time","Beer | Party-Time"
"EVSXSGGSSHF425","EVSXSGGSSHF425","Evergreen Suede 2-Sided House Flag - Pool's Open Flip Flops",updated,"Party-Time","Flip-Flops | Party-Time | Pool | Pool-Party | Seasonal | Summer"
"MW33067","MW33067","Magnet Works Pool's Open Garden Flag",updated,"Party-Time","Party-Time | Pool-Party | Summer"
"PR56077","PR56077","Premier Vintage Wine Illuminated Garden Flag",updated,"Party-Time | Wine-Drinks","Food-Wine | Grapes | Party-Time | Summer | Wine-Drinks"
"PR56202","PR56202","Premier Black Cats With Balloons Illuminated Garden Flag",updated,"Party-Time","Balloons | Black-Cats | Cats | Halloween | Jack-O-Lanterns | Party-Time | Pets-Animals | Seasonal | Witches"
"PR56204","PR56204","Strawberry Bouquet PremierSoft Garden Flag",updated,"Wine-Drinks","Bees | Happy-Valentines | Strawberries | Valentines-Day | Wine-Drinks"
"PR56383","PR56383","Premier Valentine Gnome Garden Flag",updated,"Party-Time","Balloons | Garden-Gnomes | Gardens | Hearts | Party-Time | Seasonal | Valentines-Day | Valentines-Love"
"PR57202","PR57202","Premier Black Cats With Balloons Illuminated House Flag",updated,"Party-Time","Balloons | Black-Cats | Cats | Halloween | Jack-O-Lanterns | Party-Time | Pets-Animals | Seasonal | Witches"
"PR57383","PR57383","Premier Valentine Gnome House Flag",updated,"Party-Time","Balloons | Hearts | Party-Time | Seasonal | Valentines-Day"
"PR78691","PR78691","Premier 5 O'Clock Somewhere Windsock (40"")",updated,"5-O-Clock-Somewhere | Party-Time","5-O-Clock-Somewhere | Birds | Flowers | Hibiscus | Parrots | Party-Time | Spring-Flowers | Tropical-Flowers"
"TL0030G","TL0030G","Toland It's Wine Time Garden Flag",updated,"Party-Time | Wine-Drinks","Food-Wine | Party-Time | Summer | Wine-Drinks"
"TL0083G","TL0083G","Toland Happy Birthday Cake Balloons Garden Flag",updated,"Party-Time","Balloons | Birthday | Family-Friends | Party-Time | Sweets"
"TL1110796","TL1110796","Toland Party Owls Garden Flag",updated,"Party-Time","Balloons | Birds | Birthday | Family-Friends | Owls | Party-Time | Presents"
"TL1110938","TL1110938","Toland Happy Hour Lake Garden Flag",updated,"Wine-Drinks","Gardens | Great-Outdoors | Lakes | Trees | Wine-Drinks"
"TL1112277","TL1112277","Toland Rainbow Cake Birthday Garden Flag",updated,"Party-Time","Balloons | Birthday | Family-Friends | Party-Time | Sweets"
"TL1112282","TL1112282","Toland Mardi Gras Confetti Garden Flag",updated,"Mardi-Gras","Fleur-De-Lis | Happy-Mardi-Gras | Mardi-Gras | Seasonal"
"TL119790","TL119790","Red Wine Toland Garden Flag",updated,"Party-Time | Wine-Drinks","Flowers | Party-Time | Summer | Wine-Drinks"
"TL2126G","TL2126G","Toland Balloon Hearts Garden Flag",updated,"Party-Time","Balloons | Hearts | Party-Time | Seasonal | Valentines-Day"