Theme Tag,Garden Flags,Spring,Summer,Fall,Winter,Christmas
5 O Clock Somewhere,1,1,1,0,0,0
Adirondack,1,1,1,1,1,0
American Flags,39,39,39,39,39,0
Americana,18,18,18,18,18,0
Angels,13,13,13,13,13,13
Animals,1,1,1,1,1,0
Apples,4,0,0,4,0,0
Aquatic Life,27,27,27,0,0,0
BBQ,1,0,1,0,0,0
Balloons,3,3,3,3,3,0
Barn Stars,3,3,3,3,3,0
Baskets,6,6,6,6,0,0
Beach,32,32,32,0,0,0
Beaches & Nautical,45,45,45,0,0,0
Beaches & Nautical: Beach,108,108,108,0,0,0
Beaches & Nautical: Lighthouses,12,12,12,12,12,0
Beaches & Nautical: Nautical,19,19,19,0,0,0
Beer,3,3,3,3,3,0
Bees,18,18,18,0,0,0
Bible Scriptures,21,21,21,21,21,0
Bicycles,2,2,2,2,0,0
Birdhouses,30,30,30,30,0,0
Birds,113,113,113,113,113,0
Birds: Blue Jays,3,3,3,3,3,0
Birds: Bluebirds,6,6,6,6,0,0
Birds: Cardinals,59,59,0,59,59,59
Birds: Chickadees,26,26,0,26,26,26
Birds: Crows,1,0,0,1,0,0
Birds: Doves,2,2,2,2,2,2
Birds: Eagles,2,2,2,2,2,0
Birds: Flamingos,2,2,2,0,0,0
Birds: Goldfinches,8,8,8,8,0,0
Birds: Hummingbirds,3,3,3,0,0,0
Birds: Owls,5,5,5,5,5,0
Birds: Robins,1,1,1,0,0,0
Birds: Roosters,3,3,3,3,3,0
Birds: Seagulls,2,2,2,0,0,0
Birds: Sparrows,1,1,1,1,1,0
Birds: Turkeys,4,0,0,4,0,0
Bless My Garden,6,6,6,6,0,0
Blue Jays,4,4,4,4,4,0
Bluebirds,21,21,21,21,0,0
Bunnies,37,37,37,0,0,0
Butterflies,95,95,95,0,0,0
Butterflies & Insects,129,129,129,0,0,0
Butterflies & Insects: Bees,64,64,64,0,0,0
Butterflies & Insects: Butterflies,345,345,345,0,0,0
Butterflies & Insects: Dragonflies,31,31,31,0,0,0
Butterflies & Insects: Fireflies,3,0,3,0,0,0
Butterflies & Insects: Ladybugs,45,45,45,0,0,0
Camo,1,1,1,1,1,0
Camping,3,3,3,3,0,0
Cardinals,92,92,0,92,92,92
Cats,29,29,29,29,29,0
Checkered,15,15,15,15,15,0
Chevron,1,1,1,1,1,0
Chickadees,36,36,0,36,36,36
Chicks,4,4,0,0,0,0
Christmas Decorations,81,0,0,0,81,81
Christmas Religious,21,0,0,0,21,21
Churches,8,8,8,8,8,0
Citrus,2,2,2,0,0,0
Coffee,4,4,4,4,4,0
Country Living,168,168,168,168,168,0
Country Living: Americana,27,27,27,27,27,0
Country Living: Barn Stars,15,15,15,15,15,0
Country Living: Farm Country,158,158,158,158,158,0
Country Living: Farmhouse,29,29,29,29,29,0
Country Living: Houses,45,45,45,45,45,0
Country Living: Mason Jars,31,31,31,31,31,0
Country Living: Pineapples,11,11,11,0,0,0
Country Living: Red Truck,11,11,11,11,11,11
Country Living: Scarecrows,24,0,0,24,0,0
Country Living: Truck,8,8,8,8,8,0
Country Living: Western,19,19,19,19,19,0
Crosses,20,20,20,20,20,0
Crows,1,0,0,1,0,0
Devotional,29,29,29,29,29,0
Diamonds,1,1,1,1,1,0
Dogs,40,40,40,40,40,0
Doves,2,2,2,2,2,2
Dragonflies,12,12,12,0,0,0
Eagles,3,3,3,3,3,0
Everything Else,24,24,24,24,24,0
Exotic Birds,7,7,7,0,0,0
Fairies,3,3,3,0,0,0
Fall,206,0,0,206,0,0
Family & Friends,39,39,39,39,39,0
Fantasy,12,12,12,12,12,0
Fantasy: Fairies,11,11,11,0,0,0
Fantasy: Moon,4,4,4,4,4,0
Farm Animals,44,44,44,44,44,0
Farm Country,65,65,65,65,65,0
Farmhouse,29,29,29,29,29,0
First Responders,2,2,2,2,2,0
Fishing,4,4,4,4,0,0
Flamingos,2,2,2,0,0,0
Flowers,133,133,133,133,0,0
Flowers: Holiday Flowers,5,0,0,0,5,5
Flowers: Spring Flowers,14,14,0,0,0,0
Flowers: Summer & Fall Flowers,7,0,7,7,0,0
Flowers: Tropical & Exotic Flowers,1,1,1,0,0,0
Flowers: Wild Flowers,4,4,4,4,0,0
Food & Wine,30,30,30,30,30,0
Food & Wine: Apples,53,0,0,53,0,0
Food & Wine: Citrus,2,2,2,0,0,0
Food & Wine: Coffee,5,5,5,5,5,0
Food & Wine: Fruits,16,16,16,16,0,0
Food & Wine: Grapes,25,0,25,25,0,0
Food & Wine: Ice Cream,6,0,6,0,0,0
Food & Wine: Lemonade,7,7,7,0,0,0
Food & Wine: Lemons,13,13,13,0,0,0
Food & Wine: Strawberries,11,11,11,0,0,0
Food & Wine: Sweets,20,20,20,20,20,20
Food & Wine: Watermelon,18,0,18,0,0,0
Food & Wine: Wine & Drinks,59,59,59,59,59,0
For The Cause,4,4,4,4,4,0
For The Cause: Animals,12,12,12,12,12,0
For The Cause: Autism Awareness,4,4,4,4,4,0
For The Cause: Awareness,26,26,26,26,26,0
For The Cause: Breast Cancer Awareness,7,7,7,7,7,0
For The Cause: Coronavirus,52,52,52,52,52,0
For The Cause: Gay Pride,9,9,9,9,9,0
For The Cause: Peace,19,19,19,19,19,0
Fruits,9,9,9,9,0,0
Garden Gnomes,10,10,10,10,10,0
Gardens,92,92,92,92,0,0
Gardens: Baskets,6,6,6,6,0,0
Gardens: Birdhouses,17,17,17,17,0,0
Gardens: Garden Gnomes,5,5,5,5,5,0
Gardens: Potted Floral,7,7,7,7,0,0
Gardens: Trees,22,22,22,22,22,0
Gardens: Watering Cans,3,3,3,0,0,0
Gardens: Wheelbarrow,1,1,1,1,0,0
General Sports,2,2,2,2,2,0
God Bless America,7,7,7,7,7,0
Goldfinches,12,12,12,12,0,0
Grapes,1,0,1,1,0,0
Great Outdoors,37,37,37,37,37,0
Great Outdoors: Camping,31,31,31,31,0,0
Great Outdoors: Fishing,16,16,16,16,0,0
Great Outdoors: Hunting,1,0,0,1,1,0
Great Outdoors: Lake,34,34,34,34,0,0
Great Outdoors: Outdoors,13,13,13,13,13,0
Great Outdoors: Rivers,5,5,5,5,0,0
Hearts and Stripes,3,3,3,3,3,0
Heaven,1,1,1,1,1,0
Hello,5,5,5,5,5,0
Holiday Flowers,24,0,0,0,24,24
Home Sweet Home,27,27,27,27,27,0
Hope/Faith/Peace/Joy,14,14,14,14,14,14
Hot Air Balloons,1,1,1,1,0,0
Houses,14,14,14,14,14,0
Hummingbirds,15,15,15,0,0,0
Humor,84,84,84,84,84,0
Hunting,1,0,0,1,1,0
Ice Cream,3,0,3,0,0,0
Inspirational,64,64,64,64,64,0
Ireland,9,9,9,9,9,0
Ladybugs,8,8,8,0,0,0
Lake,10,10,10,10,0,0
Lattice,2,2,2,2,2,0
Lemonade,1,1,1,0,0,0
Lemons,4,4,4,0,0,0
Letter A,1,1,1,1,1,0
Letter C,2,2,2,2,2,0
Liberty & Freedom,12,12,12,12,12,0
Lighthouses,2,2,2,2,2,0
Live/Laugh/Love,4,4,4,4,4,0
Love & Happiness,101,101,101,101,101,0
Love & Happiness: Hello,4,4,4,4,4,0
Love & Happiness: Home Sweet Home,72,72,72,72,72,0
Love & Happiness: Live/Laugh/Love,24,24,24,24,24,0
Margaritas,2,2,2,0,0,0
Mason Jars,6,6,6,6,6,0
Mediterranean,1,1,1,1,1,0
Memorial,28,28,28,28,28,0
Mexican,4,4,4,4,4,0
Monogrammed,3,3,3,3,3,0
Monogrammed: Letter A,87,87,87,87,87,0
Monogrammed: Letter B,1,1,1,1,1,0
Monogrammed: Letter C,2,2,2,2,2,0
Monogrammed: Letter D,1,1,1,1,1,0
Monogrammed: Letter E,1,1,1,1,1,0
Monogrammed: Letter F,1,1,1,1,1,0
Monogrammed: Letter N,1,1,1,1,1,0
Monogrammed: Letter T,1,1,1,1,1,0
Monogrammed: Letter Z,1,1,1,1,1,0
Moon,5,5,5,5,5,0
Nautical,13,13,13,0,0,0
New Orleans,1,1,1,1,1,0
North Carolina,1,1,1,1,1,0
Outdoors,13,13,13,13,13,0
Owls,7,7,7,7,7,0
Party Time,19,19,19,19,19,0
Party Time: 5 O Clock Somewhere,14,14,14,0,0,0
Party Time: Balloons,9,9,9,9,9,0
Party Time: Beer,29,29,29,29,29,0
Party Time: Margaritas,2,2,2,0,0,0
Party Time: The Party is Here,3,3,3,3,3,0
Patriotic,77,77,77,77,77,0
Patriotic: American Flags,29,29,29,29,29,0
Patriotic: God Bless America,3,3,3,3,3,0
Patriotic: Hearts and Stripes,1,1,1,1,1,0
Patriotic: Liberty & Freedom,3,3,3,3,3,0
Patterns,72,72,72,72,72,0
Patterns: Camo,1,1,1,1,1,0
Patterns: Checkered,15,15,15,15,15,0
Patterns: Chevron,1,1,1,1,1,0
Patterns: Diamonds,1,1,1,1,1,0
Patterns: Lattice,2,2,2,2,2,0
Patterns: Plaid,29,29,29,29,29,0
Patterns: Polka Dots,19,19,19,19,19,0
Patterns: Quatrefoil,1,1,1,1,1,0
Patterns: Stripes,25,25,25,25,25,0
Peace,2,2,2,2,2,0
Pets & Animals,208,208,208,208,208,0
Pets & Animals: Aquatic Life,1,1,1,0,0,0
Pets & Animals: Bunnies,117,117,117,0,0,0
Pets & Animals: Cats,143,143,143,143,143,0
Pets & Animals: Dogs,45,45,45,45,45,0
Pets & Animals: Farm Animals,9,9,9,9,9,0
Pets & Animals: Wildlife,11,11,11,11,11,0
Plaid,29,29,29,29,29,0
Political,2,2,2,2,2,0
Political: Black Lives Matter,3,3,3,3,3,0
Political: Election,4,0,4,4,0,0
Polka Dots,11,11,11,11,11,0
Potted Floral,8,8,8,8,0,0
Quatrefoil,1,1,1,1,1,0
Rain Boots,1,1,1,0,0,0
Red Truck,12,12,12,12,12,12
Regional,20,20,20,20,20,0
Regional: Adirondack,1,1,1,1,1,0
Regional: California,42,42,42,42,42,0
Regional: Florida,2,2,2,2,2,0
Regional: Georgia,3,3,3,3,3,0
Regional: Ireland,12,12,12,12,12,0
Regional: Maryland,1,1,1,1,1,0
Regional: Massachusetts,2,2,2,2,2,0
Regional: Mediterranean,1,1,1,1,1,0
Regional: Mexican,4,4,4,4,4,0
Regional: Michigan,2,2,2,2,2,0
Regional: Missouri,3,3,3,3,3,0
Regional: New Jersey,4,4,4,4,4,0
Regional: New Orleans,1,1,1,1,1,0
Regional: New York,5,5,5,5,5,0
Regional: North Carolina,1,1,1,1,1,0
Regional: Ohio,2,2,2,2,2,0
Regional: Pennsylvania,3,3,3,3,3,0
Regional: South,3,3,3,3,3,0
Regional: South Carolina,2,2,2,2,2,0
Regional: Tennessee,3,3,3,3,3,0
Regional: Texas,6,6,6,6,6,0
Regional: UK,1,1,1,1,1,0
Regional: Virginia,4,4,4,4,4,0
Regional: Y'all,1,1,1,1,1,0
Religious,147,147,147,147,147,0
Religious: Angels,36,36,36,36,36,36
Religious: Bible Scriptures,85,85,85,85,85,0
Religious: Churches,21,21,21,21,21,0
Religious: Crosses,68,68,68,68,68,0
Religious: Devotional,47,47,47,47,47,0
Religious: Heaven,1,1,1,1,1,0
Religious: Hope/Faith/Peace/Joy,70,70,70,70,70,70
Religious: Inspirational,145,145,145,145,145,0
Religious: Memorial,72,72,72,72,72,0
Rivers,4,4,4,4,0,0
Robins,3,3,3,0,0,0
Roosters,4,4,4,4,4,0
Scarecrows,8,0,0,8,0,0
Seagulls,2,2,2,0,0,0
Seasonal,622,622,622,622,622,622
Seasonal: Christmas Decorations,18,0,0,0,18,18
Seasonal: Christmas Religious,11,0,0,0,11,11
Seasonal: Fall,95,0,0,95,0,0
Seasonal: Spring,7,7,0,0,0,0
Seasonal: Summer,18,0,18,0,0,0
Seasonal: Winter,59,0,0,0,59,0
Skiing,1,0,0,0,1,0
South,1,1,1,1,1,0
Sparrows,1,1,1,1,1,0
Sports & Recreation,9,9,9,9,9,0
Sports & Recreation: Bicycles,29,29,29,29,0,0
Sports & Recreation: Equestrian,1,1,1,1,1,0
Sports & Recreation: General Sports,13,13,13,13,13,0
Sports & Recreation: Golf,5,5,5,5,0,0
Sports & Recreation: Hot Air Balloons,7,7,7,7,0,0
Sports & Recreation: Kites,1,1,1,0,0,0
Sports & Recreation: Skiing,8,0,0,0,8,0
Sports & Recreation: Soccer,2,2,2,2,2,0
Sports & Recreation: Transportation,93,93,93,93,93,0
Spring,302,302,0,0,0,0
Spring Flowers,96,96,0,0,0,0
Stained Glass,4,4,4,4,4,0
Strawberries,4,4,4,0,0,0
Stripes,16,16,16,16,16,0
Summer,351,0,351,0,0,0
Summer & Fall Flowers,170,0,170,170,0,0
Support Our Troops,1,1,1,1,1,0
Sweets,7,7,7,7,7,7
Texas,1,1,1,1,1,0
The Party is Here,1,1,1,1,1,0
Transportation,5,5,5,5,5,0
Trees,22,22,22,22,22,0
Tropical & Exotic Flowers,3,3,3,0,0,0
Truck,8,8,8,8,8,0
Turkeys,4,0,0,4,0,0
Water Birds,2,2,2,2,0,0
Watering Cans,7,7,7,0,0,0
Watermelon,8,0,8,0,0,0
Welcome,159,159,159,159,159,0
Western,8,8,8,8,8,0
Wheelbarrow,1,1,1,1,0,0
Wild Flowers,29,29,29,29,0,0
Wildlife,47,47,47,47,47,0
Wine & Drinks,2,2,2,2,2,0
Winter,169,0,0,0,169,0
Y'all,1,1,1,1,1,0
